ciudad; latitud; longitud
Bilbao; 43.2630; -2.9350
Mallabia; 43.2389; -2.5152
Guernica; 43.3125; -2.6783
Lanestosa; 43.2067; -3.3341
Bermeo; 43.4208; -2.7226
Ibarranguelua; 43.3312; -2.6421
Ea; 43.4022; -2.6728
Ubide; 43.0866; -2.6107
Forua; 43.3284; -2.6869
Elantxobe; 43.4086; -2.6175
Arrieta; 43.3417; -2.8165
Mundaka; 43.4077; -2.6992
Bakio; 43.4404; -2.8017
Ajangiz; 43.3353; -2.6694
Abanto y Ciérbana-Abanto Zierbena; 43.3242; -3.0412
Plentzia; 43.4029; -2.9462
Morga; 43.2661; -2.7623
Gautegiz Arteaga; 43.3592; -2.6095
Artea; 43.1567; -2.7262
Arakaldo; 43.1914; -2.8703
Areatza; 43.1394; -2.7598
Arratzu; 43.4025; -2.6048
Atxondo; 43.1268; -2.6436
Amoroto; 43.3368; -2.5394
Aulesti; 43.3476; -2.5074
Mendexa; 43.3420; -2.5325
Orduña-Urduña; 42.9682; -2.8444
Izurtza; 43.1507; -2.6157
Lekeitio; 43.3656; -2.4968
Ispaster; 43.3630; -2.6120
Garai; 43.1005; -2.7359
Zeberio; 43.1439; -2.7652
Kortezubi; 43.3512; -2.6449
Gizaburuaga; 43.3244; -2.5367
Gamiz-Fika; 43.3417; -2.9047
Fruiz; 43.2007; -2.7481
Errigoiti; 43.3297; -2.5866
Basetxeta-Atxoste; 43.1429; -2.5841
Dima; 43.1168; -2.6713
Ziortza-Bolibar; 43.2700; -2.6472
Nabarniz; 43.3451; -2.6325
Mendata; 43.3358; -2.6135
Munitibar-Arbatzegi-Gerrikaitz; 43.3249; -2.5635
Maruri; 43.3677; -2.7851
Meñaka; 43.2309; -2.6943
Otxandio; 43.0389; -2.6557
Sestao; 43.3117; -3.0124
Galdames; 43.2518; -3.1151
Zaratamo; 43.1829; -2.8331
Barrika; 43.3883; -2.9978
Bedia; 43.2326; -2.7485